ID,Source Term,Query,Language,Relevant section,Target Term,answer_mono,answer_multi
1,Heizer,Was macht ein Heizer?,de,"R 300.13, section 1.1",Feuerung,"Laut Abschnitt 1.1 der Fahrdienstvorschriften (FDV) ist der Heizer für die Feuerung und bestimmte technische Aufgaben an der Dampflokomotive zuständig. Es ist wichtig zu beachten, dass der Heizer nicht fahrdienstlich geprüft sein muss (FDV 1.1). Wenn die Funktionen des Führergehilfen und des Heizers von einer Person wahrgenommen werden, hat der Führergehilfe Vorrang (FDV 1.1). Der Lokführer (LF) trägt zudem die Verantwortung für die Arbeit des Heizers (FDV 2.2).","Laut Abschnitt 1.1 der Fahrdienstvorschriften (FDV) ist der Heizer für die Feuerung und bestimmte technische Aufgaben an der Dampflokomotive zuständig. Es ist wichtig zu beachten, dass der Heizer nicht fahrdienstlich geprüft sein muss (FDV 1.1). Wenn die Funktionen des Führergehilfen und des Heizers von einer Person wahrgenommen werden, hat der Führergehilfe Vorrang (FDV 1.1). Der Lokführer (LF) trägt zudem die Verantwortung für die Arbeit des Heizers (FDV 2.2)."
2,Heizer,Quelles sont les fonctions du chauffeur?,fr,"R 300.13, section 1.1",foyer,"Les extraits fournis ne contiennent pas d'informations concernant les fonctions du chauffeur. Ils définissent des termes tels que ""Fahrdienstleiter"" (chef de trafic) et décrivent les fonctions générales des systèmes de contrôle des trains, notamment ""Halt"", ""Rangierhalt"", ""Warnung"", ""Überwachung"" et d'autres fonctions liées à la vitesse et aux opérations (ex: ""der Bremskurve"").  Il n'y a pas de description des responsabilités ou des fonctions spécifiques d'un chauffeur.","D'après l'extrait 1, la personne désignée comme chauffeur s'occupe du foyer et de certaines tâches techniques sur la locomotive à vapeur. Il ne doit pas être examiné sur la circulation des trains. Si les fonctions du chauffeur et de l'aide-mécanicien sont assurées par la même personne, les tâches de l'aide-mécanicien ont la priorité (Section 1.1). L'extrait 2 précise que le MEC est coresponsable du travail du chauffeur et qu'il a l'autorité sur le chauffeur (Sections 2.2 et 2.3)."
3,Heizer,Cosa fa un fuochista?,it,"R 300.13, section 1.1",regolazione del fuoco,"Basierend auf den bereitgestellten Auszügen übernimmt der Heizer die Feuerung sowie bestimmte technische Aufgaben an der Dampflokomotive (FDV – Lokfuehrer in, Section 1: Allgemeines, 1.1). Es ist wichtig zu beachten, dass der Heizer nicht fahrdienstlich geprüft sein muss (FDV – Lokfuehrer in, Section 1: Allgemeines, 1.1). Personen, die fahrdienstliche Tätigkeiten ausführen, sind für die Einhaltung der gesetzlichen Vorgaben über die Arbeits- und Ruhezeit mitverantwortlich (FDV – Grundlagen, Section 2.7.1: Beeinträchtigung der Leistungsfähigkeit).","According to Excerpt 1, Section 1.1, the fuochista is responsible for regulating the fire and performing certain technical duties on a steam locomotive. Importantly, the fuochista does not require examination for traffic-related tasks. If the roles of the aiuto MAC and fuochista are combined, the aiuto MAC’s duties take precedence. Excerpt 2, Section 2.2, clarifies that the MAC is also responsible for the fuochista’s work."
4,Abstossen,Welche Arten von Rangierbewegungen gibt es?,de,"R 300.4, section 1.3",abstossen,Basierend auf den bereitgestellten Auszügen lassen sich folgende Arten von Rangierbewegungen unterscheiden (FDV – Fahrdienstvorschriften): Es werden Rangierfahrten direkt und indirekt geführt (1.3 und 7.1.2). Zusätzlich werden Rangierbewegungen mit Strassenfahrzeugen und von Hand oder mit mechanischen Hilfsmitteln unterschieden (1.3 und 7.1.2). Es werden auch ablaufend lassen und abstossen als Bewegungsarten genannt (1.3).,"Basierend auf den bereitgestellten Auszügen lassen sich folgende Arten von Rangierbewegungen unterscheiden (FDV – Fahrdienstvorschriften): Es werden Rangierfahrten direkt und indirekt geführt (1.3 und 7.1.2). Zusätzlich werden Rangierbewegungen mit Strassenfahrzeugen und von Hand oder mit mechanischen Hilfsmitteln unterschieden (1.3 und 7.1.2). Es werden auch ablaufende, abstossende und Rangierbewegungen mit Rangierseil oder Spill genannt (1.3)."
5,Abstossen,Quels genres de mouvements de manoeuvre distingue-t-on?,fr,"R 300.4, section 1.3",lancer,"Selon les Fahrdienstvorschriften, on distingue plusieurs types de mouvements de manœuvre.  Ces mouvements sont classés en opérations directes et indirectes, ainsi qu'en mouvements avec des véhicules de voie ou des moyens mécaniques (Section 1.3 et 7.1.2).  Il existe également des mouvements par poussée (abstossen) et ceux utilisant des cordes d'arrimage ou des spill.  La distinction est faite entre les mouvements guidés directement ou indirectement.","Selon les Fahrdienstvorschriften, plusieurs genres de mouvements de manœuvre sont distingués. Excerpts 1.3 et 7.1.2 listent les types suivants : courses de manœuvre directes et indirectes, mouvements au moyen de véhicules routiers, mouvements à bras ou avec des engins mécaniques (FDV). Ces genres incluent également le laisser-couler, le lancer, les mouvements avec prolonge ou cabestan. Il n'y a pas de distinction supplémentaire dans ces extraits."
6,Abstossen,Quali tipi di movimenti di  manovra si distinguono?,it,"R 300.4, section 1.3",colpo,"Secondo le Fahrdienstvorschriften, si distinguono diversi tipi di movimenti di manovra nelle operazioni di rinvio. Nello specifico, si identificano movimenti diretti e indiretti, movimenti con veicoli stradali, movimenti con sistemi di traino (spilli o funi), e movimenti eseguiti manualmente o con ausili meccanici (FDV 7.1.2 e 1.3).  Queste sono le categorie principali di manovra descritte in questi sezioni.","Secondo gli estratti forniti, si distinguono i seguenti tipi di movimenti di manovra: corse di manovra condotte direttamente e indirettamente (1.3 e 7.1.2). Inoltre, sono elencati movimenti di manovra con veicoli stradali e movimenti di manovra a braccia o con mezzi meccanici (1.3 e 7.1.2). Questi sono i soli tipi di manovra specificati in questi documenti."
7,Perron,Unter welchen Bedingungen sind Rangierfahrten gegen eingestellte Zugfahrstrassen erlaubt?,de,"R 300.4, section 2.3.2",Perron,"Rangierbewegungen gegen eine eingestellte Zugfahrstrasse sind erlaubt, wenn infolge einer zu späten Bremsung die Zugfahrt gefährdet wäre (2.3.2).  Es gelten folgende Bedingungen: entweder beim Fahren gegen oder Anfahren an gebremste Fahrzeuge vor der Zugfahrstrasse oder wenn ein Zwergsignal Halt zeigt und der Fahrweg vom RL verlangt wird ohne unbegleitetes Schieben (2.3.2).  Zusätzlich ist es erlaubt, wenn die Bedingungen für das Einstellen des Fahrweges ohne Verlangen zum direkten Aufstellen von Zügen an das Perron des Zielgleises erfüllt sind (2.3.2). Alle anderen Rangierbewegungen gegen eingestellte Zugfahrstrassen sind verboten (2.3.2).","Rangierbewegungen gegen eine eingestellte Zugfahrstrasse sind erlaubt, wenn infolge einer zu späten Bremsung die Zugfahrt gefährdet wäre (2.3.2).  Es gelten folgende Bedingungen: entweder beim Fahren gegen oder Anfahren an gebremste Fahrzeuge vor der Zugfahrstrasse oder wenn ein Zwergsignal Halt zeigt und der Fahrweg vom RL verlangt wird ohne unbegleitetes Schieben (2.3.2).  Zusätzlich ist es erlaubt, wenn die Bedingungen für das Einstellen des Fahrweges ohne Verlangen zum direkten Aufstellen von Zügen an das Perron des Zielgleises erfüllt sind (2.3.2). Alle anderen Rangierbewegungen gegen eingestellte Zugfahrstrassen sind verboten (2.3.2)."
8,Perron,Dans quelles conditions les courses de manœuvre en direction d'itinéraires de train établis sont-elles autorisées?,fr,"R 300.4, section 2.3.2",quai,"Selon l'extrait 7.1.3 des Fahrdienstvorschriften, les courses de manœuvre en direction d'itinéraires de train établis sont autorisées si le chef de manœuvre (LF) dispose d'une visibilité constante sur la voie et les signaux (7.1.3). De plus, il doit être capable de contrôler les freins et d'émettre des signaux d'attention (7.1.3). Ces opérations sont autorisées tant que le chef de manœuvre a ces capacités. L'extrait ne fournit pas d'informations sur les conditions d'entrée dans les gares.","Les courses de manœuvre en direction d’itinéraires de train établis sont autorisées uniquement si des conditions spécifiques sont remplies (FDV 2.3.2). Ces conditions incluent soit la circulation de véhicules freinés avant l’itinéraire, soit la présence d’un signal nain en position d’arrêt dans les installations avec des signaux nains (FDV 2.3.2). De plus, l’exécution de ces courses est demandée par le CMAN et aucune poussée non accompagnée n’est autorisée (FDV 2.3.2). Enfin, elles sont autorisées pour la mise à quai directe de trains sur la voie de destination, sous certaines conditions (FDV 2.3.2)."
9,Perron,In quali condizioni sono ammessi i movimenti di manovra verso percorsi treni disposti?,it,"R 300.4, section 2.3.2",marciapiede,"Secondo l'Estratto 1, le manovre di disposizione sulla linea possono essere autorizzate per recuperare treni bloccati o carrelli abbandonati (§4). Le “Ergänzende Bestimmungen für Rangierbewegungen auf die Strecke” si applicano quando le linee sono operative (§1). Una disposizione sulla linea inizia o termina in un capolavoro, all'interno di un tratto di linea o in un raccordo sulla linea (§1). Le manovre possono estendersi su uno o più binari o tratti di linea (§1).","I movimenti di manovra verso percorsi treno disposti sono ammessi solo se soddisfatte determinate condizioni, come specificato nella sezione 2.3.2 del documento FDV (Movimenti di manovra) (Excerpts 1 & 2).  Queste condizioni includono: il passaggio verso o accostando a veicoli frenati, l'itinerario richiesto dal CMAN e l'assenza di spinte non scortate, oppure l'approntamento di treni al marciapiede del binario di partenza con disposizione dell'itinerario senza richiesta.  Inoltre, su impianti con segnali bassi, il binario finale della corsa di manovra deve essere prima del percorso treno disposta e un segnale basso deve mostrare fermata.  Tutti gli altri movimenti di manovra verso percorsi treno disposti sono vietati."
10,Kleinwagen,Welche Fahrzeuge dürfen nicht in Züge eingereiht werden?,de,"R 300.5, section 1.4.1",Kleinwagen,Kleinwagen dürfen nicht in Züge eingereiht werden (1.4.1). Beschädigte oder entgleiste Fahrzeuge dürfen erst nach der Untersuchung und Freigabe durch den technischen Wagendienst in Züge eingereiht werden (1.4.1). Die Einhaltung von Streckenbeschränkungen hinsichtlich Radsatz- und Meterlast sowie der zulässigen Höchstgeschwindigkeit ist ebenfalls erforderlich (1.4.1 & 5.1.4). Die Fahrzeugbeschaffenheit muss die Voraussetzungen für die Beförderung mit dem betreffenden Zug erfüllen (1.4.1 & 5.1.4).,Kleinwagen dürfen nicht in Züge eingereiht werden (1.4.1). Beschädigte oder entgleiste Fahrzeuge dürfen erst nach der Untersuchung und Freigabe durch den technischen Wagendienst in Züge eingereiht werden (1.4.1). Die Einhaltung von Streckenbeschränkungen hinsichtlich Radsatz- und Meterlast sowie der zulässigen Höchstgeschwindigkeit ist ebenfalls erforderlich (1.4.1 & 5.1.4). Die Fahrzeugbeschaffenheit muss die Voraussetzungen für die Beförderung mit dem betreffenden Zug erfüllen (1.4.1 & 5.1.4).
11,Kleinwagen,Quels véhicules ne doivent pas être incorporés dans un train?,fr,"R 300.5, section 1.4.1",wagonnets,"Selon l'extrait 1, section 1.4.5, les wagons qui ne peuvent pas être utilisés librement comprennent les wagons lourds, légers, les wagons de fin et les véhicules avec interdiction de déversement de matériaux. Ces wagons doivent être clairement identifiés. L'extrait 2, section 3.5.1, stipule que chaque wagon, y compris les locomotives, doit être équipé d'un frein automatique ou d'un frein de secours fonctionnel.  Ces restrictions s'appliquent pour assurer la sécurité du train.","Selon les Fahrdienstvorschriften, les véhicules dont la construction et le chargement ne remplissent pas les conditions requises ne doivent pas être incorporés dans un train (1.4.1). De plus, les wagonnets ne doivent pas être inclus dans un train (1.4.1). Les véhicules endommagés ou déraillés ne peuvent être introduits qu’après une inspection et l’autorisation du service technique (1.4.1). Enfin, les véhicules moteurs sont placés en tête des trains (5.1.4)."
12,Kleinwagen,Quale veicoli non possono essere inseriti in un treno?,it,"R 300.5, section 1.4.1",piccoli veicoli,"Secondo le Fahrdienstvorschriften, solo veicoli la cui conformazione soddisfa i requisiti per il trasporto con quel treno possono essere inseriti (5.1.4). Veicoli danneggiati o sbandati devono essere prima sottoposti a ispezione e approvazione dal servizio tecnico (5.1.4). Le locomotive, i treni di servizio e i treni di comando, così come i vagoni di comando, non possono essere inseriti in un treno a meno che non siano collegati a una locomotiva di servizio (3.2.4). Inoltre, i veicoli con due freni di emergenza possono solo essere utilizzati con la frenata manuale e sono soggetti a restrizioni in determinate situazioni (3.2.4).","Secondo gli estratti forniti, i piccoli veicoli non possono essere agganciati ai treni (1.4.1). Inoltre, i veicoli danneggiati o sviati possono essere inseriti solo dopo la verifica e l'approvazione del servizio tecnico dei veicoli (1.4.1 e 5.1.4).  I treni possono contenere solo veicoli la cui costruzione adempie ai requisiti per il trasporto (1.4.1 e 5.1.4).  Le limitazioni alla circolazione di veicoli su singole tratte devono essere rispettate (1.4.1 e 5.1.4)."
13,Absperrung,Bei welchen Arbeiten sind für die Arbeitsstelle keine Alarmmassnahmen notwendig?,de,"R 300.12, section 3.1.7",Absperrung,"Basierend auf den bereitgestellten Auszügen sind für Arbeitsstellen ohne Alarmmassnahmen folgende Fälle vorgesehen (3.1.7):

Die Notwendigkeit von Alarmmassnahmen kann entfallen, wenn die Gefahren für Personal und Betrieb eliminiert werden können. Dies gilt insbesondere bei Sperrungen auf eingleisigen oder mehrgleisigen Strecken, wenn alle Gleise gesperrt sind. Ebenso sind Arbeiten an Fahrleitungen ohne Alarmmassnahmen möglich, solange keine alarmrelevanten Arbeiten auf Nachbargleisen stattfinden. Schließlich sind Arbeiten im gleisnahen Bereich ohne Alarmmassnahmen erlaubt, wenn der Zugang zum Gleisbereich abgegrenzt ist.","Basierend auf den bereitgestellten Auszügen sind für Arbeitsstellen ohne Alarmmassnahmen folgende Fälle vorgesehen (3.1.7):

Die Notwendigkeit von Alarmmassnahmen kann entfallen, wenn die Gefahren für Personal und Betrieb eliminiert werden können. Dies gilt insbesondere bei Sperrungen auf eingleisigen oder mehrgleisigen Strecken, wenn alle Gleise gesperrt sind. Ebenso sind keine Alarmmassnahmen erforderlich bei Arbeiten an Fahrleitungen, solange keine alarmrelevanten Arbeiten auf Nachbargleisen stattfinden. Schließlich ist dies der Fall, wenn der Zugang zum Gleisbereich abgegrenzt ist und keine unbeabsichtigten Eindringungen möglich sind."
14,Absperrung,Pour quels types de travaux n'est-il pas nécessaire de prévoir des mesures d'alarme?,fr,"R 300.12, section 3.1.7",barrage,"Je suis désolé, mais le texte fourni ne contient aucune information concernant les types de travaux pour lesquels il n'est pas nécessaire de prévoir des mesures d'alarme. Section 2.1.8 indique que l'on doit dégager les voies en cas d'incertitude concernant les signaux d'alarme, et section 15.9.4 traite de la réduction des risques en cas de danger.","Selon la section 3.1.7 des Fahrdienstvorschriften, il n’est pas nécessaire de prévoir des mesures d’alarme lorsque les dangers pour le personnel ou l’exploitation ferroviaire peuvent être éliminés. Cela s’applique spécifiquement aux chantiers sur tronçons à voie unique interdits, sur tronçons à plusieurs voies avec toutes les voies interdites simultanément, ou aux chantiers aux abords de voies assurés par un barrage. De plus, les travaux limités aux abords de voies, à condition qu’aucun travail nécessitant des mesures d’alarme ne soit effectué dans la zone contiguë de la voie, ne nécessitent pas de mesures d’alarme (3.1.7). Enfin, le signal d’alarme danger ne doit être émis que dans des cas impératifs (4.4.9)."
15,Absperrung,Per quali tipi di lavoro non occorrono misure di allarme per l'area dei lavori?,it,"R 300.12, section 3.1.7",barriera protettiva,"Secondo le Fahrdienstvorschriften, le misure di allarme non sono necessarie per determinate tipologie di lavoro quando i rischi per il personale e il traffico ferroviario possono essere eliminati (3.1.7). Queste includono lavori su linee a singolo binario con blocco del binario, su linee a più binari con blocco di tutti i binari, o in prossimità di catovie senza lavori adiacenti che richiedono allarmi. Inoltre, sono ammesse lavorazioni in aree limitate dove l'accesso al binario è delimitato e non vi è rischio di intrusione involontaria (3.1.7). L'uso di allarmi è comunque obbligatorio in generale, salvo per le ""Arbeitsstellen ohne Alarmmassnahmen"" (3.1.5).","Secondo le Fahrdienstvorschriften, le misure di allarme non sono necessarie quando è possibile eliminare i pericoli per il personale e l’esercizio ferroviario (3.1.7). Ciò si applica specificamente a lavori su tratte a semplice binario sbarrate, su tratte a più binari con tutti i binari sbarrati, o in prossimità della zona dei binari protetta da una barriera (3.1.7). Inoltre, è consentito quando l’accesso alla zona è impedito e durante l’esecuzione del lavoro nessuno può penetrare involontariamente (3.1.7).  In generale, le aree dei lavori senza GS non richiedono misure di allarme (3.1.6)."
16,Einfahrweiche,Was sind Zielpunkte im Fahrweg?,de,"R300.4, section 4.3.2",Einfahrweiche,"Laut Abschnitt 4.3.2 der Fahrdienstvorschriften (FDV) Rangierbewegungen gelten folgende Elemente als Zielpunkte im Fahrweg: Hauptsignale, Hauptsignale in Gegenrichtung, Sperr- oder Zwergsignale, Anschlussgleise, das Zielgleis im Bahnhof und bei Bahnhöfen ohne Einfahrsignal die Einfahrweiche oder Bahnhofanfangtafel (FDV 4.3.2). Auf zweigleisigen Strecken ohne Wechselbetrieb wird das Einfahrsignal für beide Gleise als Zielpunkt betrachtet (FDV 4.3.2). Der FDL stellt und sichert den Fahrweg und legt den zugehörigen Zielpunkt fest (FDV 4.3.1).","Laut Abschnitt 4.3.2 der Fahrdienstvorschriften gelten folgende Punkte als Zielpunkte im Fahrweg: Hauptsignale, Hauptsignale in Gegenrichtung, Sperr- oder Zwergsignale, Anschlussgleise, das Zielgleis im Bahnhof und bei Bahnhöfen ohne Einfahrsignal die Einfahrweiche oder Bahnhofanfangtafel (4.3.2). Auf zweigleisigen Strecken ohne Wechselbetrieb wird das Einfahrsignal für beide Gleise als Zielpunkt betrachtet (4.3.2). Der Rangierleiter (RL) legt das Zielgleis fest und erteilt die Zustimmung zur Rangierbewegung (7.2.4). Vor der Zustimmung prüft der RL die korrekte Weichenstellung und die Anwesenheit von Verschlussanzeigen (7.2.5)."
17,Einfahrweiche,Quels points peuvent être utilisés comme but du parcours?,fr,"R300.4, section 4.3.2",l'aiguille d'entrée,"Selon les extraits fournis, plusieurs points peuvent être utilisés comme point d'arrivée d'un parcours.  Un signal principal, un signal principal en contre-direction, un signal de blocage ou un signal de petite section, une aiguille de connexion, ou une voie d'extrémité de gare peuvent servir de point d'arrivée (FDV 4.3.2). Sur une voie biséglée sans trafic mixte, l'aiguille d'entrée pour les deux voies est considérée comme un point d'arrivée (FDV 4.3.2). Les probatoire peuvent être mis en place comme train de test ou comme manœuvre de tri (FDV 6.1.2).","Selon la section 4.3.2 des Fahrdienstvorschriften, plusieurs éléments peuvent servir de but de parcours : un aiguillage principal, un aiguillage de la voie opposée, un signal de barrage ou nain, une voie de raccordement, la voie de but dans une gare, ou l’aiguille d’entrée ou l’indicateur de début de gare (lorsqu’ils sont posés) (FDV 4.3.2).  Sur une ligne à deux voies sans banalisation, le signal d’entrée sert de but pour les deux voies (FDV 4.3.2). La section 4.5.2 précise que l'assentiment doit être transmis en indiquant explicitement le but du parcours."
18,Einfahrweiche,Quali sono i punti d'arrivo nell'itinerario?,it,"R300.4, section 4.3.2",scambio d'entrata,"In base agli estratti forniti, non è possibile determinare i punti di arrivo specifici nell'itinerario di una manovra di traino. Gli estratti riguardano l'ordinamento, le regole di frenata e le segnalazioni, ma non forniscono informazioni sulla destinazione finale dei treni in una manovra di traino (FDV 4.2.1, 4.2.2).","I punti d’arrivo nell’itinerario, secondo le Fahrdienstvorschriften, sono definiti come segue (4.3.2): un segnale principale, un segnale principale nella direzione opposta, un segnale di sbarramento o un segnale basso, un binario di raccordo, il binario d’arrivo in stazione, o lo scambio d’entrata. In una tratta a doppio binario banalizzato, il segnale d’entrata funge da punto d’arrivo per entrambi i binari. Il CMOV deve disporre l’itinerario e assicurarlo fino al punto d’arrivo stabilito (4.3.1)."
19,Nebengleis,Unter welchen Bedingungen ist der Sicherheits-Zwischenraum vorhanden?,de,"R 300.1, section 2.5.2",Nebengleisen,"Der Sicherheits-Zwischenraum ist vorhanden, wenn ein Gehweg existiert oder er durch Kennzeichnung in der Aussenanlage definiert ist (FDV 2.5). Zudem kann er zwischen Nebengleisen liegen oder in den Betriebsvorschriften der ISB oder in einem Sicherheitsdispositiv aufgeführt sein (FDV 2.5).  Wichtig ist, dass er auch zwischen einem Gleis und einem festen Hindernis vorhanden sein muss (FDV 2.5).  Andernfalls sind die Bestimmungen zum ""Fehlenden Sicherheits-Zwischenraum"" zu beachten (FDV 4.1).","Der Sicherheits-Zwischenraum ist vorhanden, wenn ein Gehweg existiert oder er durch Kennzeichnung in der Aussenanlage definiert ist (FDV 2.5). Zudem kann er zwischen Nebengleisen liegen oder in den Betriebsvorschriften der ISB oder in einem Sicherheitsdispositiv aufgeführt sein (FDV 2.5).  Es ist wichtig zu beachten, dass ein Sicherheits-Zwischenraum für Arbeiten im Gleisbereich oder bei der Zuguntersuchung erforderlich ist (FDV 4.1). Andernfalls muss gemäß den Bestimmungen ""Fehlender Sicherheits-Zwischenraum"" vorgegangen werden (FDV 4.1)."
20,Nebengleis,Dans quelles conditions considère-t-on qu'une zone intermédiaire de sécurité est disponible?,fr,"R 300.1, section 2.5.2",voies secondaires,"D'après l'extrait 3.3.5, la sécurité n'est plus garantie si une perturbation ou une panne du système d'alarme ou une situation soudainement modifiée se produit (section 3.3.5). Dans ce cas, la zone de travail doit être dégagée et le centre de contrôle doit être informé. Les travaux ne peuvent reprendre que lorsque la panne a été réparée ou que le centre de contrôle a mis en place d'autres mesures de sécurité (section 3.3.5). L'extrait 5.3.6 précise que la SL doit s'assurer que l'AVT est informé des mesures de sécurité à prendre (section 5.3.6).","Selon les Fahrdienstvorschriften, une zone intermédiaire de sécurité est considérée comme disponible dans plusieurs situations (FDV 2.5). Elle est disponible en présence d’un chemin latéral, si elle est signalée dans l’installation extérieure, ou entre des voies secondaires (FDV 2.5). De plus, elle peut être désignée dans les prescriptions d’exploitation du GI ou prise en compte dans un dispositif de sécurité (FDV 2.5). En cas de doute, il faut se référer aux dispositions relatives à l’absence de zone intermédiaire de sécurité (FDV 2.1.1)."
21,Nebengleis,In quali condizioni è disponibile lo spazio di sicurezza intermedio?,it,"R 300.1, section 2.5.2",binari secondari,"Secondo l'estratto 1, sezione 2.5, lo spazio di sicurezza intermedio è disponibile quando esiste un marciapiede, è contrassegnato nell'infrastruttura esterna, tra binari adiacenti o tra un binario e un ostacolo fisso. Inoltre, può essere definito dalle Betriebsvorschriften della ISB o essere incluso in un dispositivo di sicurezza (citato nell'estratto). Lo spazio di sicurezza intermedio è presente anche quando è specificato nelle Betriebsvorschriften.","Lo spazio di sicurezza intermedio è disponibile in diverse situazioni, come specificato nella sezione 2.5 del documento FDV Basi.  È disponibile dove c’è un camminamento (2.5), quando è contrassegnato nell’impianto esterno, tra binari secondari, o quando è designato nelle prescrizioni d’esercizio del GI (2.5).  Inoltre, è disponibile quando è menzionato in un dispositivo di sicurezza (2.5).  La sua disponibilità è fondamentale per garantire la sicurezza dei movimenti dei treni (2.1.1)."
22,Arbeitsstelle,Unter welchen Bedingungen sind Arbeiten ohne Sicherheitswärter zugelassen?,de,"R 300.12, section 3.1.6",Arbeitsstellen,"Arbeiten ohne SIWÄ sind unter bestimmten Bedingungen zulässig, wie in 3.1.6 der Fahrdienstvorschriften beschrieben.  Es gelten folgende Kriterien: Arbeiten mit maximal zwei Personen, die eine uneingeschränkte Beobachtung der Fahrten ermöglichen, oder auf Streckenabschnitten mit Fahrt auf Sicht und maximal 20 km/h. Zudem müssen die Arbeitsstellen mit einem automatischen Warnsystem ausgestattet sein oder keine Alarmmaßnahmen benötigen (3.1.6).  Die Verantwortung für die Sicherheit liegt dabei allein bei den Personen, die ohne SIWÄ arbeiten (3.1.6). Arbeiten ohne Sicherheitsmassnahmen sind gemäß 5.3.3 nur zulässig, wenn keine zusätzliche Planung der Sicherheitsorganisation erforderlich ist.","Arbeiten ohne SIWÄ sind unter bestimmten Bedingungen zulässig, wie in 3.1.6 der Fahrdienstvorschriften beschrieben.  Es gelten folgende Voraussetzungen: Arbeiten mit maximal 2 Personen, die eine uneingeschränkte Beobachtung der Fahrten ermöglichen, oder auf Streckenabschnitten mit Fahrt auf Sicht und maximal 20 km/h. Zudem müssen die Arbeitsstellen mit einem automatischen Warnsystem ausgestattet sein oder keine Alarmmassnahmen benötigen (3.1.6).  Die Verantwortung für die Sicherheit liegt dabei allein bei den Personen, die ohne SIWÄ arbeiten (3.1.6). Arbeiten ohne Sicherheitsmassnahmen sind gemäß 5.3.3 nur dann erlaubt, wenn keine zusätzliche Planung der Sicherheitsorganisation erforderlich ist."
23,Arbeitsstelle,Dans quelles conditions des travaux sans protecteur sont-ils autorisés?,fr,"R 300.12, section 3.1.6",chantiers,"D'après les extraits fournis, les travaux sans protecteur (SIWÄ) sont autorisés dans les conditions suivantes :

Il s'agit de travaux avec un maximum de 2 personnes permettant une observation sans restriction des trains et une évacuation rapide et sécurisée (par exemple, les agents de la voie). Ces travaux doivent se faire sur des sections de voie où la circulation se fait à vue ou à un maximum de 20 km/h. Ils sont également autorisés aux postes de travail adjacents aux voies avec un système d'alerte automatique et aux postes sans dispositifs d'alarme. Les personnes effectuant ces travaux sont elles-mêmes responsables de leur sécurité et doivent prévoir des mesures de protection.","Les travaux sans protecteur (PROT) sont autorisés uniquement lorsque le nombre de personnes est limité à deux, permettant une observation complète des convois et une évacuation rapide et sûre (par exemple, avec un garde-voie) (3.1.6). Ils sont également autorisés sur les tronçons de voie où la circulation se fait en marche à vue à 20 km/h, en raison du concept d'exploitation (3.1.6). De plus, ils peuvent être réalisés sur des chantiers à proximité des voies équipés de systèmes d'avertissement automatique ou sur des chantiers sans mesures d'alarme (3.1.6). Enfin, les personnes travaillant sans PROT sont responsables de leur propre sécurité et doivent planifier leurs propres mesures de protection (3.1.6 & 3.1.6)."
24,Arbeitsstelle,Per quali lavori si può rinunciare al guardiano di sicurezza?,it,"R 300.12, section 3.1.6",aree dei lavori,"Secondo l'estratto 3.1.6, è possibile rinunciare al guardiano di sicurezza (SIWÄ) in determinate circostanze. Nello specifico, si può lavorare senza SIWÄ quando si tratta di lavori con un massimo di 2 persone che consentono un'osservazione completa dei treni e una rapida evacuazione, oppure su tratti di binario con velocità massima di 20 km/h e con un sistema di allarme automatico. Inoltre, è permesso quando l'area di lavoro non richiede misure di allarme. Tuttavia, è sempre responsabilità del personale di sicurezza pianificare le proprie misure protettive (3.1.6).","Secondo le Fahrdienstvorschriften, la rinuncia al guardiano di sicurezza (GS) è possibile solo in determinate circostanze. Nello specifico, si può rinunciare al GS per lavori eseguiti da un massimo di due persone, che garantiscano l'osservazione della circolazione e lo sgombero rapido (3.1.6). Inoltre, è ammessa la rinuncia in tratti di tratta dove la corsa a vista con una velocità massima di 20 km/h e l'individuazione dei pericoli sono sempre garantiti (3.1.6). Infine, si può rinunciare al GS per aree di lavoro dotate di un sistema di avvertimento automatico o che non richiedono misure di allarme (3.1.6)."
25,Kreuzung,Wie können dem Lokführer die Zustimmung zur Fahrt auf Strecken ohne Hauptsignale erteilt werden?,de,"R 300.6, section 1.3.4",Kreuzung,"Die Zustimmung zur Fahrt auf Strecken ohne Hauptsignale wird durch die ISB gemäß ihren Betriebsvorschriften geregelt (2.4.1).  Die Zustimmung kann durch einen protokollpflichtigen Befehl 1 erteilt werden oder durch die ISB selbst festgelegt werden (2.4.1).  Alternativ kann die Zustimmung auch durch einen Fahrplan, eine Fahrordnung oder einen Befehl für Kreuzung und Überholung erfolgen (1.3.4).  Es ist wichtig zu beachten, dass die genauen Verfahren durch die ISB in ihren Vorschriften definiert werden müssen (1.3.4).","Die Zustimmung zur Fahrt auf Strecken ohne Hauptsignale wird durch die ISB gemäß ihren Betriebsvorschriften festgelegt (2.4.1).  Die Zustimmung kann entweder durch einen protokollpflichtigen Befehl 1 erfolgen oder durch die ISB selbst (2.4.1).  Es ist auch möglich, die Zustimmung durch Fahrpläne oder Fahrordnungen zu erteilen (1.3.4).  Die genauen Verfahrensweise wird im Detail in den Betriebsvorschriften der jeweiligen ISB geregelt (1.3.4)."
26,Kreuzung,Comment l'assentiment pour circuler sur les tronçons dépourvus de signaux principaux est-il transmis au mécanicien?,fr,"R 300.6, section 1.3.4",croisement,"Selon l'extrait 7.2.3, l'assentiment pour circuler devant des aiguilles dépendant d'un aiguillage est obligatoire et doit être enregistré par le chef de dépôt (FDL) (7.2.3). Ce protocole est nécessaire lorsque les signaux sont en état d'arrêt ou de retenue avant le passage. L'extrait 2 ne fournit pas d'informations sur la manière spécifique de transmettre cet assentiment au mécanicien.  Therefore, the question cannot be answered from the provided excerpts.","Selon l’extrait 1, section 1.3.4, l’assentiment pour circuler sur les tronçons sans signaux principaux est transmis au mécanicien de plusieurs manières : par horaire, marche, ordre de croisement et dépassement, ou par ordre à quittancer du centre de contrôle (CC) de vive voix ou en phonie. L’extrait 2, section 2.4.1, précise également que l’assentiment peut être transmis en mettant à voie libre le signal principal, ou par l’ordre 1 à protocoler. De plus, l’extrait 1 mentionne que le chef de gare (GI) définit la procédure de transmission dans les prescriptions d’exploitation."
27,Kreuzung,Come viene dato il consenso per la corsa su tratte prive di segnali principali al macchinista?,it,"R 300.6, section 1.3.4",incrocio,"Basandosi sugli estratti forniti, il consenso per le corse su tratte prive di segnali principali viene dato tramite diverse modalità. 
In particolare, può essere con il Fahrplan, la Fahrordnung, un Befehl per Kreuzung und Überholung, oppure tramite una verbale (mündlich o fernmündlich) di comprensione da parte del FDL (Fahr direktor). 
Inoltre, l'EVU (Trambetrieb) fornisce l'einstellung del Fahrwegs e la conferma alla corsa (Excerpt 2).","Secondo l'Estratto 1, sezione 1.3.4, il consenso per la corsa su tratte prive di segnali principali può essere dato in quattro modi: tramite l'orario, tramite l'orario di marcia, tramite l'Ordine di incrocio e sorpasso, o verbalmente/per telefono dal CMOV. L'Estratto 2, sezione 2.4.1, aggiunge che il consenso può anche essere dato tramite disposizione su via libera del segnale principale o tramite l'ordine 1.  Inoltre, i GI (Giunti di Circolazione) stabiliscono la procedura per il rilascio e le condizioni di revoca del consenso su tratte prive di segnali principali.  Quindi, il macchinista riceve il consenso tramite i metodi sopra elencati."
28,Sperren,Welche Massnahmen hat der Fahrdienstleiter bei Unregelmässigkeiten an der Fahrbahn zu treffen?,de,"R 300.9, section 8.1.1",sperren,"Laut Abschnitt 4.1 der Fahrdienstvorschriften (FDV) hat der Fahrdienstleiter (FDL) bei festgestellten Schäden oder Unregelmässigkeiten an Anlagen oder Fahrzeugen entsprechende Massnahmen zu treffen und diese schriftlich zu melden (FDV 4.1).  Wenn die Unregelmässigkeit die bevorstehende Fahrt direkt beeinflusst, muss der FDL dies zusätzlich dem Lokführer (LF) mitteilen (FDV 4.1). Abschnitt 9.1 der FDV beschreibt lediglich die ersten Abklärungen, die der FDL bei Unregelmässigkeiten an der Fahrleitung vornehmen muss, um den Schaden zu orten und zu beschreiben. Die FDV geben hier keine spezifischen Massnahmen des FDL für Fahrbahnschäden vor.","Laut Abschnitt 4.1 der Fahrdienstvorschriften (FDV) hat der Fahrdienstleiter (FDL) bei festgestellten Schäden oder Unregelmässigkeiten an Anlagen oder Fahrzeugen entsprechende Massnahmen zu treffen und diese schriftlich zu melden (FDV 4.1).  Wenn die Unregelmässigkeit die bevorstehende Fahrt direkt beeinflusst, muss der FDL dies zusätzlich dem Lokführer (LF) mitteilen (FDV 4.1). Abschnitt 9.1 der FDV beschreibt lediglich die ersten Abklärungen, die der FDL bei Unregelmässigkeiten an der Fahrleitung vornehmen muss.  Die FDV geben hier keine spezifischen Massnahmen des FDL für Fahrbahnschäden vor."
29,Sperren,Quelles mesures doit prendre le chef-circulation en cas de signalement d'irrégularités à la voie?,fr,"R 300.9, section 8.1.1",interdire,"D'après les extraits fournis, le chef de trafic doit évaluer les risques en tenant compte des critères énumérés dans la section 5.3 des *Arbeitsvorschriften* (Travaux dans la zone de voie) (ex. art. 2.3.7, 2.5.9 et 2.5.10).  Il doit notamment considérer l'art des travaux, l'utilisation des équipements, le personnel présent et l'environnement immédiat (ex. trafic, installations électriques).  Ces considérations s'appliquent lorsque la sécurité ne peut être assurée par la simple visibilité (art. 1.1.6).  Les Beilages 1 et 2 du R 300.2 ne sont pas applicables.","Les extraits fournis ne contiennent aucune information concernant les mesures spécifiques que le chef-circulation doit prendre en cas de signalement d’irrégularités à la voie. Ils décrivent plutôt les actions à entreprendre par les mécaniciens ou les services concernés en fonction de l’irrégularité constatée (Ex. 4.1, 15.7.3). L’extrait 1 se concentre sur la signalisation des dommages, tandis que l’extrait 2 détaille les mesures pour des situations spécifiques comme des portes ouvertes ou des défaillances de matériel. Il n’y a pas de directives concernant le rôle du chef-circulation dans ce processus."
30,Sperren,Quali provvedimenti deve adottare il capomovimento in caso di irregolarità al binario?,it,"R 300.9, section 8.1.1",Sbarrare,"Basandosi esclusivamente sugli estratti forniti, non è possibile rispondere alla domanda.
Gli estratti riguardano principalmente le regole per le manovre di rimesse, le distanze di sicurezza e le restrizioni legate al tipo di impianto. Non descrivono le azioni specifiche da intraprendere in caso di irregolarità al binario.","Secondo l'Estratto 8, in caso di irregolarità al binario (come rottura di rotaia), il CMOV deve effettuare i primi accertamenti, localizzando il punto danneggiato e determinando il genere del danno (Sezione 8.1).  Non vengono specificati ulteriori provvedimenti da intraprendere oltre a questi accertamenti iniziali. L'Estratto 11.2 si concentra invece sulla gestione delle irregolarità sui veicoli, non sui binari. Pertanto, l'Estratto non fornisce indicazioni specifiche per il capomovimento in caso di irregolarità al binario oltre ai primi accertamenti."
31,Wagen,Unter welchen Bedingungen darf mit einem ungebremsten Fahrzeug am Zugschluss weitergefahren werden?,de,"R 300.9, section 12.3.4",Wagens,"Laut Abschnitt 12.3.4 FDV dürfen mit einem ungebremsten Fahrzeug am Zugschluss weitergefahren werden, wenn die Bremswerte für die tiefste Geschwindigkeit und Neigung gewährleistet sind und das Teilbremsverhältnis unter Einbeziehung von höchstens zwei unmittelbar vorlaufenden Fahrzeugen erfüllt ist.  Zusätzlich muss die Zug- und Stosseinrichtung funktionsfähig sein (siehe Abschnitt 5.1.7 FDV). Die Einhaltung der Vorschriften zur „Bremsstörung“ durch das EVU ist ebenfalls erforderlich (Abschnitt 5.1.7 FDV). Die Weiterfahrt ist auf maximal ein ungebremstes Fahrzeug beschränkt und gilt bis zur nächsten Zusammenstellung oder Richtungswechsel.","Laut Abschnitt 12.3.4 der Fahrdienstvorschriften (FDV) darf mit einem ungebremsten Fahrzeug am Zugschluss weitergefahren werden, wenn die Bremse ausgeschaltet wurde und bis zur nächsten Änderung der Zugzusammenstellung oder eines Richtungswechsels gilt.  Es müssen ein Bremsverhältnis und ein Teilbremsverhältnis ermittelt werden, die für die tiefste Geschwindigkeit und die Neigung ausreichend sind, wobei das Teilbremsverhältnis unter Einbeziehung von höchstens zwei unmittelbar vorlaufenden Fahrzeugen erfüllt sein muss (12.3.4).  Zudem muss das Fahrzeug über eine funktionsfähige Zug- und Stosseinrichtung verfügen (5.1.7). Die EVU regeln die Begleitung im Betriebsvorschriften (5.1.7)."
32,Wagen,Dans quelles conditions la marche avec un véhicule non freiné en queue du train peut-elle être poursuivie?,fr,"R 300.9, section 12.3.4",voiture,"D'après l'extrait 3.7, la marche avec un véhicule non freiné en queue du train est autorisée uniquement si un espace de sécurité existe.  Il faut veiller sur les obstacles et s'assurer qu'aucun train n'approche sur la voie adjacente (section 3.7).  Le profil latéral du véhicule peut être temporairement touché pour monter ou descendre, à condition que l'approche d'un train puisse être exclue avec certitude (section 3.7).  Si l'approche d'un train ne peut être exclue, le profil latéral ne doit pas être dépassé et les dispositions de la section « Fehlender Sicherheits-Zwischenraum » doivent être appliquées (section 3.7).","Selon la section 12.3.4 des Fahrdienstvorschriften, la poursuite de la marche avec un véhicule non freiné en queue du train est possible dans les conditions suivantes : le rapport de freinage et le rapport de freinage partiel doivent être calculés en fonction des freins restants en service, assurant au moins la vitesse la plus basse et la déclivité déterminante (12.3.4). De plus, le frein d’immobilisation manœuvrable doit être occupé si la voiture est occupée par des voyageurs (12.3.4). L’attelage entre les véhicules doit être fortement tendu et, si possible, la conduite doit être maintenue jusqu’en queue du train (12.3.4)."
33,Wagen,In quali condizioni è ammesso proseguire con un veicolo non frenato in coda al treno?,it,"R 300.9, section 12.3.4",carrozza,"Non è possibile rispondere a questa domanda in base alle informazioni fornite. Gli estratti forniti riguardano definizioni di termini chiave, tipi di treni e regole per le operazioni di manovra, ma non specificano le condizioni per il proseguimento di un veicolo non frenato in coda a un treno.","Secondo l'Estratto 1, sezione 12.3.4, è ammesso proseguire con un veicolo non frenato in coda al treno fino alla prossima modifica della composizione del treno o fino a un’inversione della direzione di marcia, dopo la partenza dalla stazione d'origine e l’inserimento del freno.  Tuttavia, ciò è subordinato al fatto che il rapporto di frenatura e il rapporto di frenatura minimo di parte siano sufficienti per la velocità più bassa e la pendenza determinante, includendo al massimo due veicoli circolanti davanti. L'Estratto 2, sezione 5.1.7, sottolinea che il veicolo deve essere dotato di dispositivi di trazione e repulsione funzionanti e che le condizioni stabilite nelle ""Perturbazioni ai freni"" devono essere rispettate."
34,Wagen,Was muss zur Vermeidung von Risiken und Gefahren des elektrischen Stroms gemacht werden?,de,"R 300.8, section 2.4.1",Wagen,"Um Risiken und Gefahren durch elektrischen Strom zu vermeiden, müssen Fahrleitungen vor Arbeitsaufnahme oder dem Besteigen von Fahrzeugen/Ladungen ausgeschaltet, geerdet und gegen unbeabsichtigtes Einschalten gesichert werden (2.4.1).  Bei nicht möglichen Erdarbeiten ist eine SPEA (Spezial-Prüfung Elektrische Anlagen) einzubeziehen (2.4.1).  Es dürfen nur ausnahmsweise erhöhte Bereiche und Wagenladungen unter eingeschalteten Fahrleitungen betreten werden (2.4.1).  Bei Gefahrensituationen, wie z.B. bei Entgleisungen, muss der Stromabnehmer sofort gesenkt und die Zugsammelschiene ausgeschaltet werden (2.4.2).","Um Risiken und Gefahren durch elektrischen Strom zu vermeiden, müssen Fahrleitungen vor Arbeitsaufnahme oder dem Besteigen von Fahrzeugen/Ladungen ausgeschaltet, geerdet und gegen unbeabsichtigtes Einschalten gesichert werden (2.4.1).  Bei nicht möglichen Erdarbeiten ist eine SPEA (Spezial-Prüfung Elektrische Anlagen) einzubeziehen (2.4.1).  Es dürfen nur ausnahmsweise erhöhte Bereiche und Wagenladungen unter eingeschalteten Fahrleitungen betreten werden (2.4.1).  Bei Gefahrensituationen, wie z.B. bei Entgleisungen, muss der Stromabnehmer sofort gesenkt und die Zugsammelschiene ausgeschaltet werden (2.4.2)."
35,Wagen,Que faut-il faire pour diminuer les risques et les dangers du courant électrique?,fr,"R 300.8, section 2.4.1",wagon,"Selon les extraits fournis, pour diminuer les risques et les dangers du courant électrique, il est impératif de s'assurer que la pantographie est éteinte, déconnectée et sécurisée avant toute intervention (section 2.4.1). Avant de monter sur un toit de véhicule, un kärwagen ou une charge, il faut vérifier que la pantographie est hors tension et sécurisée (section 2.4.1). En cas de doute, il est nécessaire de faire appel à un SPEA (section 2.4.1). De plus, en cas de risque, il faut immédiatement abaisser l'alimentation et éteindre la schiene de traction (section 2.4.2).","Pour diminuer les risques et les dangers liés au courant électrique, il est impératif de s'assurer que la ligne de contact est déclenchée, mise à la terre et protégée contre tout enclenchement intempestif (FDV 2.4.1).  Avant de réaliser des travaux ou de monter sur des véhicules ou chargements, cette vérification est obligatoire (FDV 2.4.1).  Si la mise à la terre n’est pas possible, il faut consulter une PECIE (FDV 2.4.1).  Il est également interdit de travailler sur des équipements comme la chaudière ou le tender avec une ligne de contact enclenchée (FDV 3.1)."
36,Wagen,Cosa bisogna fare per diminuire i rischi e i pericoli della corrente elettrica?,it,"R 300.8, section 2.4.1",vagone,"Secondo gli estratti forniti, per ridurre i rischi e i pericoli derivanti dalla corrente elettrica, è necessario assicurarsi che la cablaggio di alimentazione (ad esempio, la cablaggio aerea) sia spento, messo a terra e protetto da riattivazioni accidentali prima di qualsiasi attività (ad esempio, l'inizio del lavoro o l'accesso ai tetti dei veicoli) (2.4.1). In caso di impossibilità di messa a terra, è obbligatorio coinvolgere un sistema di protezione contro scariche elettrostatiche (SPEA) (2.4.1). Inoltre, è fondamentale evitare il contatto diretto, l'avvicinamento o la manipolazione di connessioni elettriche sotto tensione, e in caso di interruzione del circuito di veicoli alimentati, è necessario abbassare immediatamente l'interruttore e, se necessario, abbandonare il veicolo saltando (2.4.2).","Secondo l'estratto 1, sezione 2.4.1, per diminuire i rischi e i pericoli derivanti dalla corrente elettrica, è necessario assicurarsi che la linea di contatto sia effettivamente disinserita, messa a terra e protetta contro il reinserimento involontario prima di iniziare lavori o salire su veicoli o carichi. In caso di impianti elettrici specifici o impossibilità di messa a terra, è obbligatorio rivolgersi a una PESIE (Persona Esponente per l'Individuazione dei Pericoli). L'estratto 2, sezione 3.1, ribadisce il divieto di salire su caldaie o innaffiare carbone con linea di contatto inserita, e raccomanda prudenza nell'uso di attrezzi da fuoco."
37,Lokführer,Wann sind Transporte von Waren aller Art im bedienten Führerstand zugelassen?,de,"R 300.13, section 3.2.6",LF,"Die Transporte von Waren aller Art im bedienten Führerstand sind nur zulässig, wenn sie den Führerstand nicht behindern und der Fluchtweg gewährleistet ist (3.2.6 FDV). Nötig ist es, die Waren im unbedienten Führerstand zu befördern, um die Arbeit des Lokführers nicht zu beeinträchtigen (3.2.6 FDV). Das EVU definiert die zulässigen Warentransporte im Führerstand (3.2.6 FDV). Es gibt keine weiteren Informationen zur Zulassung von Waren im bedienten Führerstand.","Die Transporte von Waren aller Art im bedienten Führerstand sind nur zulässig, wenn sie den Führerstand nicht behindern und der Fluchtweg gewährleistet ist (3.2.6 FDV). Nötig ist es, die Waren im unbedienten Führerstand zu befördern, um die Arbeit des Lokführers nicht zu beeinträchtigen (3.2.6 FDV). Das EVU definiert die zulässigen Warentransporte im Führerstand (3.2.6 FDV). Es gibt keine weiteren Informationen zur Zulassung von Waren im bedienten Führerstand."
38,Lokführer,Quand est-il permis de transporter des marchandises dans une cabine de conduite desservie?,fr,"R 300.13, section 3.2.6",MEC,"Je suis désolé, mais le texte fourni ne contient aucune information concernant le transport de marchandises dans une cabine de conduite desservie. Il traite uniquement des perturbations et des procédures pour les mouvements de manœuvre dans les gares (Section 12.3.4) et des commandes de sécurité exceptionnelles (Section 1).","Selon la section 3.2.6 de la Mecanicien ne de locomotive, il est permis de transporter des marchandises dans une cabine de conduite desservie à condition qu’elles ne gênent pas le MEC et qu’elles n’encombrent pas le chemin de fuite (3.2.6).  Si cela est le cas, les marchandises doivent être déposées dans une cabine de conduite non desservie (3.2.6).  Ces règles sont précisées par l’ETF concernant le transport de marchandises en service ou en privé (3.2.6).  Il n’y a pas d’autres informations dans ces extraits concernant les conditions de transport de marchandises."
39,Lokführer,Quando è ammesso il trasporto di merci nella cabina di guida occupata?,it,"R 300.13, section 3.2.6",MAC,"Non è possibile rispondere a questa domanda in base agli estratti forniti. Gli estratti riguardano la preparazione dei treni, la gestione delle emergenze e le procedure operative in caso di guasto, ma non specificano le condizioni per il trasporto di merci nella cabina di guida.","Secondo la sezione 3.2.6 del documento FDV, il trasporto di merci nella cabina di guida è consentito solo se non ostacolano il macchinista (MAC) e se è garantita la via di fuga (3.2.6).  Inoltre, le merci devono essere trasportate in una cabina non occupata se necessario (3.2.6). L'ITF determina quali merci sono ammesse in cabina di guida (3.2.6). Durante i movimenti di manovra, il MAC deve avere una visuale libera sull'itinerario e sui segnali, riducendo la velocità se l'osservazione non è possibile (3: Disposizioni per i tipi di movimento)."
40,Gefälle,Wann muss der Lokführer die Wirkung der Luftbremse prüfen?,de,"R 300.14, section 2.3.7",Gefälle,Laut Abschnitt 2.3.7 der Fahrdienstvorschriften (Bremsen) muss der Lokführer die Wirkung der Luftbremse unmittelbar nach der Abfahrt und nach Veränderungen an der Zugzusammensetzung prüfen (2.3.7). Zudem ist eine Bremsprobe erforderlich nach einem LF-Wechsel und vor der Einfahrt in starke Gefälle oder Kopfbahnhöfe (2.3.7).  Zusätzlich wird eine Bremsprobe nach der letzten automatischen Bremsung bei Flugschnee oder großer Kälte empfohlen (2.3.7). Die EVU können spezifische Betriebsvorschriften für Bremskomponenten erlassen (2.3.7).,Laut Abschnitt 2.3.7 der Fahrdienstvorschriften (Bremsen) muss der Lokführer die Wirkung der Luftbremse unmittelbar nach der Abfahrt und nach Veränderungen an der Zugzusammensetzung prüfen (2.3.7). Zudem ist eine Bremsprobe erforderlich nach einem LF-Wechsel und vor der Einfahrt in starke Gefälle oder Kopfbahnhöfe (2.3.7).  Zusätzlich wird eine Bremsprobe nach der letzten Bremsung mit der automatischen Bremse bei Flugschnee oder großer Kälte empfohlen (2.3.7). Die spezifischen Anforderungen können durch EVU-Betriebsvorschriften ergänzt werden (2.3.7).
41,Gefälle,À quel moment le mécanicien doit-il s'assurer de l'efficacité du frein à air?,fr,"R 300.14, section 2.3.7",pente,"Je suis un expert sur les réglementations ferroviaires suisses (FDV - Fahrdienstvorschriften).

Le texte fourni ne contient aucune information concernant l'obligation pour le mécanicien de vérifier l'efficacité du frein à air. Section 15.2.4 traite de la situation en cas de dommages aux aiguilles, et section 4.6.5 concerne les aiguilles non endommagées. Il n'y a pas d'instruction dans ces extraits concernant la vérification du frein à air.","Selon la section 2.3.7 de la FDV, le mécanicien doit s’assurer de l’efficacité des freins à air immédiatement après le départ d’une gare, après une modification de la formation du train, ou avant d’aborder une forte pente (FDV 2.3.7). Il doit également le faire lors de l’arrivée dans une gare en cul-de-sac et périodiquement après le dernier freinage en cas de neige poudreuse ou par grand froid (FDV 2.3.7). De plus, la section 2.5 stipule qu’un train arrêté en pleine voie pendant plus d’une demi-heure doit être assuré avec des moyens de freinage indépendants (FDV 2.5)."
42,Gefälle,Quando il macchinista deve verificare l'efficacia del freno ad aria?,it,"R 300.14, section 2.3.7",discesa,"In base agli estratti forniti, il macchinista deve verificare l'efficacia del freno a vapore in diverse situazioni. Specificamente, il paragrafo 2.3.7 dell'estratto 1 richiede una prova di efficacia immediata dopo l'uscita da stazioni, cambiamenti nella composizione del treno o cambi di LF. Inoltre, l'estratto 2 indica che dopo ogni cambio di cabina di comando, dopo il ""depend"" del motore o dopo aver azionato la frenata automatica in condizioni particolari (nebbia o freddo), è necessario verificare l'efficacia del freno tramite manometro.","Secondo l'Estratto 1, sezione 2.3.7, il MAC deve verificare l’efficacia del freno ad aria immediatamente dopo la partenza, dalla stazione di origine o inversione di corsa e dopo che sono stati apportati cambiamenti della composizione del treno o dopo un cambiamento di MAC. Inoltre, è necessario verificare l'efficacia prima di percorrere una forte discesa o entrare in una stazione di testa. L'Estratto 1 specifica anche la necessità di controlli periodici dopo l'ultima frenatura con il freno automatico in condizioni di neve soffiata o forte freddo."
43,Neigung,Wie werden Bremskurven ermittelt?,de,"R 300.7, section 3.2",Neigung,"Die Bremskurven werden aufgrund der Streckendaten und Fahrzeugdaten ermittelt (FDV 3.2). Die Streckendaten werden nach gewünschter Funktion programmiert, wobei diese fest oder variabel sein können (FDV 3.2). Die Fahrzeugdaten, wie Zuggattung und Bremsverhältnis, werden vom Lokführer erfasst (FDV 3.2). Die Berechnung basiert auf den Streckendaten und den Fahrzeugdaten, um die notwendige Bremsreihe zu bestimmen (FDV 3.2).","Die Bremskurven werden aufgrund der Streckendaten und Fahrzeugdaten ermittelt (FDV 3.2). Die Streckendaten werden nach gewünschter Funktion programmiert, wobei diese fest oder variabel sein können (FDV 3.2). Die Fahrzeugdaten, wie Zuggattung und Bremsverhältnis, werden vom Lokführer erfasst (FDV 3.2). Die Bremsrechnung basiert auf Rundungsregeln für Tonnen und Bremsprozenten (FDV 3.2)."
44,Neigung,Comment les courbes de freinages sont-elles calculées?,fr,"R 300.7, section 3.2",déclivité,"Selon l’extrait 1, les courbes de freinage sont calculées en utilisant des données de voie (fonction activée, distance, vitesse cible, pente, etc.) et des données du véhicule (type de train, rapport de freinage, longueur du train). Ces données sont programmées selon la fonction souhaitée. L’unité de contrôle du train (LF) collecte les données du véhicule via une interface. L’extrait 2 précise que les fractions de tonnes et de pourcentages de freinage doivent être arrondies ou tronquées selon des règles spécifiques.","Les courbes de freinage sont calculées en fonction de données de voie et de convoi (Section 3.2). Ces données incluent la fonction active de la voie, la distance, la vitesse au but, la déclivité, ainsi que la catégorie de train, le rapport de freinage et la longueur du train (Section 3.2). Les données de la voie peuvent être fixes ou variables en fonction de l'image des signaux et de la position des éléments de protection (Section 3.2). Le calcul est effectué via une interface utilisateur par le MEC (Section 3.2)."
45,Neigung,Come sono calcolate le curve di frenatura?,it,"R 300.7, section 3.2",pendenza,"In base alle informazioni fornite, le curve di frenatura vengono calcolate sulla base dei dati della tratta e dei veicoli.  Specificamente, si utilizzano i dati della tratta (funzione desiderata, distanza, velocità obiettivo, pendenza, ecc.) e i dati del veicolo (tipo di treno, rapporto frenante, lunghezza del treno) per determinare le curve di frenatura (FDV 3.2). L'EVU può regolare il metodo di calcolo con frenature standard o continue. Il responsabile del treno (LF) raccoglie i dati del veicolo tramite un'interfaccia utente (FDV 3.2).","Le curve di frenatura sono calcolate sulla base di dati relativi alla tratta e al veicolo (FDV 3.2 Dati necessari). I dati della tratta, sia fissi che variabili, includono elementi come la funzione attiva, la distanza, la velocità finale e la pendenza. Il MAC rileva i dati del veicolo tramite un’interfaccia utente, che sono poi utilizzati per il calcolo (FDV 3.2 Dati necessari). L'arrotondamento delle frazioni di ton e delle percentuali di frenatura è una regola specifica per il calcolo di frenatura (FDV 3.2 Calcolo di frenatura)."
46,Zwergsignal,Für welche optischen Signale wird die Farbe weiss verwendet?,de,"R 300.2, section 1.2.1",Zwergsignale,"Laut Abschnitt 1.2.1 der Signale werden Zwergsignale, Weichensignale, Merkzeichen sowie das Lichtsignal als Bestätigung oder Ersatz für akustische Signale in weiss dargestellt. Die Farbe Weiss dient somit als allgemeine Kennzeichnung für diese Signalarten (FDV, 1.2.1). Die optischen Signale werden zusätzlich durch die Mundpfeife und Licht bestätigt, wenn keine Funkbefehle vorliegen (FDV, 3.3.1). Es ist wichtig zu beachten, dass die optischen Signale bei Funkbefehlen wegfallen.","Laut Abschnitt 1.2.1 der Signale werden Zwergsignale, Weichensignale, Merkzeichen usw. sowie das Lichtsignal als Bestätigung oder Ersatz für akustische Signale in weiss dargestellt. Die Farbe Weiss dient somit als allgemeine Kennzeichnung für diese Signalarten (FDV, 1.2.1). Die optischen Signale müssen immer durch ein weisses Licht bestätigt werden, insbesondere nachts (FDV, 3.3.1). Die Verwendung von weiss ist entscheidend für die eindeutige Erkennbarkeit dieser Signale."
47,Zwergsignal,Pour quels signaux optiques la couleur blanche est-elle utilisée?,fr,"R 300.2, section 1.2.1",signaux nains,"Selon l'extrait 1.2.1, la couleur blanche est utilisée pour les zébras, les aiguilles, les essieux, les marques de position, ainsi que comme signal de confirmation ou de remplacement des signaux sonores (1.2.1). Elle n'est pas spécifiquement associée à un type de signal particulier comme ""halt"" ou ""vols"" selon cette section. L'extrait ne précise pas d'autres utilisations de la couleur blanche.","Selon l'extrait 1.2.1, la couleur blanche est utilisée pour les signaux nains, les signaux d'aiguilles et les signaux indicateurs (FDV Section 1.2). Elle est également employée pour les signaux lumineux confirmant ou remplaçant des signaux acoustiques (FDV Section 1.2).  Il est important de noter que la couleur blanche est utilisée pour les signaux lumineux, et non pour les signaux optiques traditionnels.  L'extrait ne précise pas d'autres utilisations de la couleur blanche."
48,Zwergsignal,Per quali segnali ottici si usa il colore bianco?,it,"R 300.2, section 1.2.1",segnali bassi,"Secondo l'Estratto 1, sezione 1.2.1, il colore bianco viene utilizzato per i segnali di tipo ""Zwergsignale, Weichensignale, Merkzeichen usw."" e come conferma o sostituto di segnali acustici (1.2.1). Nell'Estratto 2, sezione 2.2, il colore bianco viene utilizzato per i segnali quando le apparecchiature (come braccia di bilancia o profili di carico mobili) sono in posizione non bloccata (Fahrverbot), indicando un rosso su una faccia della placca o un rosso solo (2.2). In queste situazioni, il segnale bianco serve a garantire la sicurezza in caso di insufficiente illuminazione del binario.","Secondo l'Estratto 1, sezione 1.2.1, il colore bianco viene utilizzato per i segnali bassi, gli indicatori, gli scambi e i segnali luminosi che confermano o sostituiscono quelli acustici (1.2.1). L'Estratto 2, sezione 5.1.5, specifica che il segnale principale del sistema N è contrassegnato con un cerchio bianco catarifrangente e può mostrare diverse indicazioni, tra cui via libera (5.1.5). Inoltre, i minisegnali principali, utilizzati a velocità fino a 40 km/h, presentano una tavola bianca con bordo nero (5.1.5)."
49,Erste Weiche,"Wo befindet sich die Geschwindigkeitsschwelle im Bahnhof, wenn sich die Bahnhofsgeschwindigkeit auf der Einfahrseite von der Streckengeschwindigkeit unterscheidet?",de,"R 300.6, section 2.2.2",ersten Weiche,"Die Geschwindigkeitsschwelle befindet sich auf der Einfahrseite des Bahnhofs entweder bei der ersten Weiche oder ungefähr 200 Meter nach dem Einfahrsignal, sofern keine Weiche vorhanden ist (2.2.2).  Wenn sich im Gleis keine Weiche befindet, beträgt der Abstand 200 Meter (2.2.2).  Die Geschwindigkeitsschwelle liegt in diesem Fall mittig im Perron oder mittig im Bahnhofgebäude, wenn kein Perron vorhanden ist (2.2.2).  Es ist erlaubt, den weichen- und kurvenfreien Abschnitt zwischen Einfahr- und Ausfahrseite mit der höheren der beiden Bahnhofsgeschwindigkeiten zu befahren (2.2.2).","Die Geschwindigkeitsschwelle befindet sich auf der Einfahrseite des Bahnhofs entweder bei der ersten Weiche oder ungefähr 200 Meter nach dem Einfahrsignal, falls keine Weiche vorhanden ist (2.2.2).  Wenn sich im Gleis keine Weiche befindet, beträgt die Distanz 200 Meter (2.2.2).  Die Geschwindigkeitsschwelle liegt somit in unmittelbarer Nähe des Einfahrsignals.  Es ist wichtig zu beachten, dass der weichen- und kurvenfreie Abschnitt zwischen den Seiten mit der höheren Geschwindigkeit befahren werden darf (2.2.2)."
50,Erste Weiche,"Où se trouve le seuil de vitesse en gare si, du côté de l'entrée, la vitesse en gare est différente de la vitesse de la pleine voie?",fr,"R 300.6, section 2.2.2",première aiguille,"Selon la section 2.2.2 des Fahrdienstvorschriften, si la vitesse en gare diffère de la vitesse de la pleine voie du côté d'entrée, le seuil de vitesse se situe soit à la première aiguille, soit environ 200 mètres après le signal d'entrée si aucune aiguille n'est présente (FDV 2.2.2).  Il n'est pas précisé de localisation du seuil de vitesse si la vitesse en gare diffère de la vitesse de la pleine voie du côté de sortie. La section 2.2.3 indique que le seuil de vitesse est au centre de la plate-forme pour les haltes (FDV 2.2.3).","Le seuil de vitesse en gare, lorsque la vitesse en gare diffère de la vitesse en pleine voie du côté de l’entrée, se situe soit à hauteur de la première aiguille, soit environ 200 mètres après le signal d’entrée s’il n’y a pas d’aiguille (FDV 2.2.2).  Il est positionné à proximité de l’endroit où la vitesse change, afin de permettre une transition sécurisée (FDV 2.2.2).  Si le tronçon est sans aiguille et sans courbe, il peut être franchi avec la vitesse la plus élevée (FDV 2.2.2).  L'emplacement précis peut être précisé dans les prescriptions d'exploitation du GI si plusieurs vitesses sont indiquées (FDV 2.2.2)."
51,Erste Weiche,Dove si trova la soglia di velocità in stazione se sul lato d'entrata la velocità in stazione è diversa dalla velocità di tratta?,it,"R 300.6, section 2.2.2",primo scambio,"Secondo l'estratto 1, sezione 2.2.2, la soglia di velocità in stazione si trova al centro della banchina o al centro dell'edificio della stazione se non c'è una banchina. Se la velocità di ingresso è diversa dalla velocità di tratta, la soglia di velocità può essere posizionata al centro del binario percorso o al centro della stazione. Il tratto senza curve o incroci può essere percorso alla velocità più alta tra quelle di ingresso e uscita (sezione 2.2.2). In caso di più velocità indicate nella tabella di tratta per l'ingresso o l'uscita, la posizione delle soglie di velocità è regolata dalle istruzioni operative dell'ISB (sezione 2.2.2).","La soglia di velocità in stazione si trova al primo scambio oppure circa a 200 metri dopo il segnale d’entrata, se nel binario non ci sono scambi (FDV 2.2.2). Se il binario è privo di scambi, la soglia si individua a 200 metri dal segnale d’entrata (FDV 2.2.2). In caso di velocità d’entrata e d’uscita diverse, la soglia si trova a metà del marciapiede del binario percorso o al centro della stazione (FDV 2.2.2). La posizione precisa deve essere regolata dal GI in caso di velocità scalari differenti nella tabella delle tratte (FDV 2.2.2)."
52,Nachbargleis,Wann darf im Bahnhof mit einer Höchstgeschwindigkeit von 40 km/h gefahren werden?,de,"R 300.4, section 3.6.3",Nachbargleise,"Gemäß Abschnitt 3.6.3 der Fahrdienstvorschriften (FDV) darf im Bahnhof mit einer Höchstgeschwindigkeit von 40 km/h gefahren werden, sofern die beiden Nachbargleise frei sind (FDV 3.6.3). Dies gilt bei Rangierfahrten, wenn der Fahrweg übersichtlich ist, der Führerstand an der Spitze steht und weichenfreie Zonen gefahren werden (FDV 3.6.3). Zudem müssen alle Fahrzeuge mit der Luftbremse abbremsen können und die Rangierfahrt nicht funkferngesteuert wird (FDV 3.6.3). Lokal können tiefere Höchstgeschwindigkeiten vorgeschrieben sein (FDV 3.6.3).","Gemäß Abschnitt 3.6.3 der Fahrdienstvorschriften (FDV) darf im Bahnhof mit einer Höchstgeschwindigkeit von 40 km/h gefahren werden, sofern die beiden Nachbargleise frei sind (FDV 3.6.3). Dies gilt bei Rangierfahrten, wenn der Fahrweg übersichtlich ist, der Führerstand an der Spitze steht und weichenfreie Zonen gefahren werden (FDV 3.6.3). Zudem müssen alle Fahrzeuge mit der Luftbremse abbremsen können und die Rangierfahrt nicht funkferngesteuert wird (FDV 3.6.3). Lokal können tiefere Höchstgeschwindigkeiten vorgeschrieben sein (FDV 3.6.3)."
53,Nachbargleis,Dans quels cas un mouvement de manœuvre peut-il circuler à la vitesse maximale de 40 km/h en gare?,fr,"R 300.4, section 3.6.3",voies contiguës,"D'après les extraits fournis, un mouvement de manœuvre peut circuler à 40 km/h en gare dans des cas spécifiques.  Section 3.6.4 indique que cette vitesse est applicable lorsque des wagons sont transportés sans dispositifs de train et de choc normaux (40 km/h).  De plus, cette vitesse est autorisée lors d'une manœuvre indirecte, lorsque l'écartement entre le moteur de locomotive et le relais n'est pas connecté par communication vocale (30 km/h).  Il est crucial de noter que ces vitesses sont limitées et dépendent des circonstances de la manœuvre.","Selon la section 3.6.3, un mouvement de manœuvre peut circuler à 40 km/h en gare si les deux voies contiguës sont libres.  Cette autorisation est valable pour les courses de manœuvre uniquement lorsque le parcours est dégagé, le MEC est en tête, il n’y a pas d’aiguille, les véhicules peuvent être freinés à l’air et la manœuvre n’est pas télécommandée (FDV 3.6.3). Des vitesses inférieures peuvent être prescrites localement (FDV 3.6.3).  Il est important de noter que cette vitesse maximale s'applique uniquement en gare (FDV 3.6.3)."
54,Nachbargleis,Quando si può circolare alla velocità massima di 40 km/h in stazione?,it,"R 300.4, section 3.6.3",binari attigui,"In base agli estratti forniti, la velocità massima di 40 km/h può essere imposta quando un tratto di binario richiede una velocità inferiore e i segnali di rallentamento non sono stati installati (4.2.6). Il FDL deve informare il LF sulla posizione del tratto, la velocità massima consentita e l'assenza dei segnali di rallentamento (4.2.6).  Successivamente, dalla stazione principale o dalla fermata fino alla stazione di rallentamento, si deve rispettare la velocità di 40 km/h se la stazione di rallentamento deve essere percorsa a 40 km/h o meno, oppure la velocità consentita per la stazione di rallentamento se questa è superiore a 40 km/h (4.2.6).  Non sono presenti indicazioni specifiche riguardo alla velocità massima in stazione.","Secondo l’escerpto 3.6.3, si può circolare alla velocità massima di 40 km/h in stazione se entrambi i binari attigui sono liberi. Questa velocità è consentita come corsa di manovra, a condizione che l’itinerario sia visibile, la cabina di guida sia quella di testa, si attraversino zone senza scambi e tutti i veicoli possano essere frenati con il freno ad aria. Inoltre, la corsa di manovra non deve essere radiotelecomandata per un singolo colpo. Sul piano locale possono essere prescritte velocità massime inferiori (3.6.3)."
55,Nachbargleis,Wann ist eine Sperrung von Gleisen/Weichen notwendig?,de,"R 300.12, section 3.2.4",Nachbargleis,"Eine Sperrung von Gleisen/Weichen ist notwendig, wenn die Sicherheit des Personals oder des Bahnbetriebs gefährdet ist (3.2.4). Zudem ist eine Sperrung erforderlich, wenn die Gleise/Weichen aufgrund von Bauarbeiten, Reparaturen oder anderen Gründen nicht befahrbar sind (3.2.4). Insbesondere ist dies bei Arbeiten zu beachten, die eine Unterbrechung der Fahrbahn bewirken oder wenn Arbeitsmittel Gefahren darstellen (3.2.4). Die Verminderung der Geschwindigkeit und das Sperren von Gleisen sind betriebliche Sicherheitsmassnahmen (5.3.4).","Eine Sperrung von Gleisen/Weichen ist notwendig, wenn die Sicherheit des Personals oder des Bahnbetriebs gefährdet ist (3.2.4). Ebenso ist eine Sperrung erforderlich, wenn die Gleise/Weichen aufgrund von Bauarbeiten, Reparaturen oder anderen Gründen nicht befahrbar sind (3.2.4, 5.3.4). Insbesondere ist dies bei Arbeiten zu beachten, die eine Unterbrechung der Fahrbahn bewirken oder wenn Arbeitsmittel Gefahren darstellen (3.2.4, 5.3.4). Die zuverlässige Räumung des Gleises muss ebenfalls durch eine Sperrung gewährleistet werden (3.2.4)."
56,Nachbargleis,Quand est-ce qu'une interdiction des voies/aiguilles est nécessaire?,fr,"R 300.12, section 3.2.4",voie contiguë,"D'après les extraits fournis, une interdiction des voies ou des aiguilles n'est nécessaire que dans le cas spécifique où des opérations de manœuvre sont effectuées sur un rail barré (Section 7.5.7). La ISB (Système d'Information et de Contrôle) règle l'utilisation de ce rail barré, en particulier la réglementation du trafic et l'exploitation des équipements (Section 7.5.7). Si un changement de quai est nécessaire sur un rail barré, le Responsable du Trafic (RL) et l'Agent de Valeur Technique (AVT) doivent s'accorder (Section 7.5.7). En cas d'incapacité de faire basculer une aiguille avec la commande, il faut suivre les instructions du service technique compétent (Section 4.3.5).","Une interdiction des voies/aiguilles est nécessaire lorsque la sécurité du personnel ou de l’exploitation ferroviaire l’exige (3.2.4). Elle est également requise lorsque les voies/aiguilles ne sont pas franchissables en raison de travaux, d’événements ou d’accidents (3.2.4). Des travaux entraînant l’interruption de la voie ou des équipements de travail représentant un danger pour des convois nécessitent également une interdiction (3.2.4, 5.3.4). Enfin, l’interdiction est nécessaire si l’évacuation de la voie n’est pas fiable et met en danger le convoi (3.2.4)."
57,Nachbargleis,Quando è necessario uno sbarramento di binari/scambi?,it,"R 300.12, section 3.2.4",binario adiacente,"In base all'estratto 2.7.5, un arresto di un treno o di una sua parte è considerato quando si interrompe la ricarica (Nachspeisung) per più di quanto necessario per un test di tenuta. In questo caso, è obbligatorio avviare una frenata di servizio per evitare l'esaurimento dei freni durante la diminuzione lenta della pressione della linea principale (Hauptleitungs-druck). L'estratto non fornisce informazioni specifiche sull'obbligo di arresto dei binari o degli scambi.","Lo sbarramento di binari/scambi è necessario quando richiesto dalla sicurezza del personale o dell’esercizio ferroviario (3.2.4).  Inoltre, è obbligatorio quando i binari o gli scambi non sono percorribili a causa di lavori di costruzione, riparazioni o altri eventi (3.2.4).  Specificamente, lo sbarramento è richiesto per lavori che interrompono il binario o quando attrezzature pericolose sono installate (3.2.4, 5.3.4).  I binari sbarrati sono sempre coperti da segnali di fermata e dispositivi d’allarme (5.3.4)."
58,Sichern,Was muss vor der Durchführung der Bremsprobe gemacht werden?,de,"R 300.5, section 4.3.1",Sichern,"Vor der Durchführung der Bremsprobe müssen die Bremsapparate betriebsbereit sein (4.3.1). Zudem muss die Luftbremse gelöst sein und die Feststellbremsen müssen gelöst werden, mit Ausnahme derer zur Verhinderung von Entlaufen (4.3.1).  Zusätzlich muss die Zugbildung abgeschlossen sein (5.4.3).  Bei Veränderung der Zugzusammensetzung oder Inbetriebnahme des Zuges ist eine Bremsprobe durchzuführen (5.4.3).","Vor der Durchführung der Bremsprobe müssen die Bremsapparate betriebsbereit sein (4.3.1). Zudem muss die Luftbremse gelöst sein und die Feststellbremsen müssen gelöst werden, mit Ausnahme derer zur Verhinderung von Entlaufen (4.3.1).  Zusätzlich muss die Zugbildung abgeschlossen sein (5.4.3).  Bei Veränderung der Zugzusammensetzung oder Inbetriebnahme des Zuges ist eine Bremsprobe durchzuführen (5.4.3)."
59,Sichern,Que faut-il faire avant le début de l'essai du frein?,fr,"R 300.5, section 4.3.1",assurer,"Avant le début de l'essai de frein, plusieurs conditions doivent être remplies selon la section 5.4.3 de la FDV (Zugvorbereitung).  Il faut que la formation du train soit terminée, que les appareils de freinage soient opérationnels et que la vérification soit effectuée depuis le même poste de conduite où la freinage est contrôlé pendant la circulation (5.4.3). De plus, si des anomalies sont observées pendant l'essai, il doit être répété (5.4.3).  Ces précisions sont issues de l'extrait concernant la préparation du train.","Avant le début de l’essai du frein, plusieurs vérifications doivent être effectuées.  Section 4.3.1 précise que les appareils de freins doivent être prêts à fonctionner et que le frein à air doit être lâché (vérifié sur un véhicule quelconque). De plus, les freins d’immobilisation doivent être lâchés, sauf si nécessaire pour prévenir la dérive, et l’étanchéité des appareils de frein doit être vérifiée. Section 5.4.3 confirme également que la formation de train doit être terminée."
60,Sichern,Cosa si fa prima dell'inizio della prova dei freni?,it,"R 300.5, section 4.3.1",assicurare,"Secondo le Fahrdienstvorschriften, prima dell'inizio della prova dei freni, è necessario che gli impianti frenanti siano in stato di funzionamento (4.3.1). Inoltre, è richiesto che la frenata a pressione sia rilasciata, verificando che le ruote siano liberate dalle freni di ritenuta (4.3.1). Prima della prova, deve essere completata la formazione del treno e gli impianti frenanti devono essere operativi (5.4.3). Infine, le freni di ritenuta devono essere rilasciate, salvo quelle necessarie per prevenire la perdita di pressione (4.3.1).","Prima dell'inizio della prova dei freni, secondo le FDV, è necessario che gli apparecchi di frenatura siano pronti al servizio (4.3.1). Inoltre, il freno ad aria deve essere allentato su un veicolo qualsiasi, e i freni di immobilizzazione devono essere allentati, fatta eccezione per quelli necessari per la sicurezza del treno (4.3.1). Infine, si deve verificare la tenuta stagna degli apparecchi di frenatura (4.3.1)."
61,Sichern,"Wie ist vorzugehen, wenn eine Zahnstangenweiche aufgeschnitten wurde?",de,"R 300.9, section 4.6.2",Sichern,"Bei Aufschneiden einer Zahnstangenweiche ist sofortiges Anhalten und die Weiche zu sichern erforderlich (4.6.2). Das weitere Vorgehen richtet sich nach den Weisungen des zuständigen technischen Dienstes (4.6.2).  Die Kontrolle der Weiche muss vom technischen Dienst durchgeführt werden, sofern dies nicht möglich ist, darf sie mit 40 km/h befahren werden, wenn sie von fahrdienstlichem Personal kontrolliert wurde und keine Schäden festgestellt wurden (4.6.3). Protokollierung durch den FDL ist Pflicht (4.6.3).","Bei Aufschneiden einer Zahnstangenweiche ist sofortiges Anhalten und die Weiche zu sichern erforderlich (4.6.2). Das weitere Vorgehen richtet sich nach den Weisungen des zuständigen technischen Dienstes (4.6.2).  Es darf nur nach deren Anweisung weitergefahren werden (4.6.2). Die Kontrolle der Weiche erfolgt grundsätzlich durch den technischen Dienst (4.6.3).
"
62,Sichern,Que faut-il faire si une aiguille de voie à crémaillère a été talonnée?,fr,"R 300.9, section 4.6.2",protéger,"Il n'y a pas d'informations dans les extraits fournis concernant la procédure à suivre si une aiguille de voie à crémaillère a été talonnée. 
Ces documents ne traitent que de l'utilisation des dispositifs de commande de voie et de la procédure en cas de défauts constatés.","Selon les extraits fournis, en cas de talonnage d’une aiguille de voie à crémaillère, il est impératif de s’arrêter immédiatement et de protéger l’aiguille (section 4.6.2 et 15.2.4). Ensuite, les procédures à suivre sont définies par le service technique compétent (section 4.6.2). Il est crucial d’informer les personnes concernées immédiatement après l’arrêt (section 4.6.2 et 15.2.4). Le contrôle mécanique de l’aiguille talonnée doit être effectué par les services techniques compétents, sauf indication contraire du GI (section 15.2.4)."
63,Sichern,Come si procede se è stato tallonato uno scambio a cremagliera?,it,"R 300.9, section 4.6.2",assicurare,"Secondo l'Estratto 2, sezione 15.2.4, se uno scambio a cremagliera è stato tallonato o il giudizio è incerto, non deve più essere percorso. L'ulteriore procedura è determinata dalle istruzioni del servizio tecnico competente (15.2.4). La stazione centrale deve quindi autorizzare l'intervento tecnico. In caso di impossibilità di percorrere lo scambio, la stazione deve ordinare il blocco del binario o dello scambio (15.4.2).","Secondo le Fahrdienstvorschriften (FDV), se uno scambio a cremagliera è stato tallonato, è necessario fermare immediatamente le corse messe in pericolo e avvisare gli interessati (15.2.4). Lo scambio deve essere assicurato e liberato dal calcio verso la punta, con un controllo per verificare eventuali danni meccanici (15.2.4).  Inoltre, si deve seguire le istruzioni del servizio tecnico competente per le successive azioni (15.2.4). Se il controllo meccanico è incerto, lo scambio non può essere percorso (15.2.4)."
64,Stoss,Wann ist bei Rangierfahrten das Speichern von Fahrstrassen verboten?,de,"R 300.4, section 2.3.7",Stoss,"Das Speichern von Fahrstrassen ist gemäß FDV 2.3.7 verboten, wenn eine Folgefahrt nach einem Stoss vorgesehen ist. Zudem ist es untersagt, wenn die zu speichernde Fahrstrasse einen Fahrweg besonderer Fahrzeuge berührt (FDV 2.3.7).  FDV 2.3.2 verbietet zudem Rangierbewegungen gegen eingestellte Zugfahrstrassen unter allen Umständen.  Zusätzlich ist das Speichern von Fahrstrassen verboten, wenn der Fahrweg vom RL verlangt wird und kein unbegleitetes Schieben stattfindet (FDV 2.3.2).","Das Speichern von Fahrstrassen ist gemäß FDV 2.3.7 verboten, wenn eine Folgefahrt nach einem Stoss erfolgt oder die zu speichernde Fahrstrasse einen Fahrweg besonderer Fahrzeuge berührt. Zudem ist das Speichern von Fahrstrassen gegen Zugfahrstrassen nach FDV 2.3.2 verboten, wenn der Fahrweg vom RL verlangt wird und kein unbegleitetes Schieben stattfindet.  Weiterhin ist das Speichern von Fahrstrassen bei Rangierbewegungen gegen eingestellte Zugfahrstrassen grundsätzlich verboten (FDV 2.3.2).  Die spezifischen Bedingungen für das Einstellen des Fahrweges werden in FDV 2.3.2 definiert."
65,Stoss,Quand est-il interdit d'enregistrer des itinéraires lors des courses de manœuvre?,fr,"R 300.4, section 2.3.7",lancer,"Il est interdit d'enregistrer des itinéraires lors des courses de manœuvre selon l'extrait 2.2.3, section 3.1.2. La section 3.1.2 précise que le chef de locomotive doit contrôler le bon fonctionnement des appareils d'enregistrement pour la vitesse et l'influence sur le train, mais ne spécifie pas de restrictions concernant l'enregistrement des itinéraires lors de manœuvres. L'extrait ne fournit pas d'informations sur les circonstances spécifiques où l'enregistrement serait interdit.","Selon les Fahrdienstvorschriften, l’enregistrement d’itinéraires est interdit lors de courses qui suivent après un lancer (2.3.7). De plus, il est interdit lorsque l’itinéraire à enregistrer touche le parcours de véhicules particuliers (2.3.7). Les mouvements de manœuvre en direction d’itinéraires de train établis ne sont autorisés que sous certaines conditions, notamment la présence de véhicules freinés avant l’itinéraire (2.3.2).  Il est donc interdit d'enregistrer des itinéraires dans ces situations."
66,Stoss,Quando è vietata la memorizzazione dei percorsi durante le corse di manovra?,it,"R 300.4, section 2.3.7",colpo,"In base alle sezioni fornite, la memorizzazione dei percorsi è vietata quando si tratta di una corsa di manovra successiva a un'operazione di carico/scarico, secondo il punto 2.3.7 FDV. Inoltre, è proibito memorizzare un percorso che entra in contatto con un binario dedicato a veicoli speciali, come indicato nello stesso punto 2.3.7. La sezione 3.3.2 sottolinea l'importanza di mantenere l'attenzione sul binario e sulla tratta, evitando distrazioni durante la guida.  Non ci sono ulteriori dettagli specifici relativi a quando è vietata la memorizzazione dei percorsi.","La memorizzazione dei percorsi è vietata quando si deve procedere dopo un colpo (2.3.7). Inoltre, è proibito memorizzare percorsi che intersecano itinerari di veicoli speciali (2.3.7).  Durante i movimenti di manovra verso percorsi treno, la memorizzazione è vietata se non ci sono richieste del CMAN o per l'approntamento dei treni al marciapiede (2.3.2).  In tutti gli altri casi, la memorizzazione dei percorsi è vietata (2.3.7)."
